Company_ID,Company_Name,Sector,Region,Year,Quarter,Period,Revenue,Operating_Expenses,Marketing_Spend,Net_Profit,Employees,Customer_Count,Profit_Margin_%
C001,NileSoft TE,Technology,Jordan,2020,Q1,2020Q1,4582564.69,2870941.94,307504.57,1404118.1800000004,220,2025,30.64
C001,NileSoft TE,Technology,Jordan,2020,Q2,2020Q2,5158573.48,2904330.1,207536.88,2046706.5000000005,220,5339,39.68
C001,NileSoft TE,Technology,Jordan,2020,Q3,2020Q3,4930718.4,3533545.02,328384.86,1068788.5200000005,220,4442,21.68
C001,NileSoft TE,Technology,Jordan,2020,Q4,2020Q4,4159461.78,2720344.59,202576.87,1236540.3199999998,218,1698,29.73
C001,NileSoft TE,Technology,Jordan,2021,Q1,2021Q1,4324609.46,3007568.68,370184.55,946856.2299999997,220,2565,21.89
C001,NileSoft TE,Technology,Jordan,2021,Q2,2021Q2,4813693.55,3021726.12,238373.24,1553594.1899999997,220,3422,32.27
C001,NileSoft TE,Technology,Jordan,2021,Q3,2021Q3,4588318.79,2675234.81,219213.4,1693870.58,223,3118,36.92
C001,NileSoft TE,Technology,Jordan,2021,Q4,2021Q4,4553783.91,3148356.27,359419.63,1046008.0100000001,226,4918,22.97
C001,NileSoft TE,Technology,Jordan,2022,Q1,2022Q1,5243376.9,3355185.15,424725.67,1463466.0800000005,227,2706,27.91
C001,NileSoft TE,Technology,Jordan,2022,Q2,2022Q2,5329688.37,3610925.13,393205.06,1325558.1800000002,229,5312,24.87
C001,NileSoft TE,Technology,Jordan,2022,Q3,2022Q3,5311544.95,3193373.41,234553.02,1883618.52,232,4647,35.46
C001,NileSoft TE,Technology,Jordan,2022,Q4,2022Q4,4595537.64,3045256.52,268941.03,1281340.0899999996,235,2514,27.88
C001,NileSoft TE,Technology,Jordan,2023,Q1,2023Q1,5098131.22,3099410.35,176491.16,1822229.7099999997,235,2234,35.74
C001,NileSoft TE,Technology,Jordan,2023,Q2,2023Q2,6132359.57,3883635.51,264344.11,1984379.9500000007,232,6086,32.36
C001,NileSoft TE,Technology,Jordan,2023,Q3,2023Q3,5237150.49,3327798.32,279923.075,1629429.0950000004,231,6451,31.11
C001,NileSoft TE,Technology,Jordan,2023,Q4,2023Q4,5115550.42,3040793.47,281583.73,1793173.2199999997,233,2128,35.05
C001,NileSoft TE,Technology,Jordan,2024,Q1,2024Q1,5634110.4,3171882.74,305538.77,2156688.89,232,2840,38.28
C001,NileSoft TE,Technology,Jordan,2024,Q2,2024Q2,5812668.26,3528104.21,279314.4,2005249.65,234,3513,34.5
C001,NileSoft TE,Technology,Jordan,2024,Q3,2024Q3,5653345.33,3878992.53,384772.79,1389580.0100000002,237,3249,24.58
C001,NileSoft TE,Technology,Jordan,2024,Q4,2024Q4,5671597.04,3983298.28,398872.83,1289425.9300000002,237,3979,22.73
C002,DeltaTech TE,Technology,Morocco,2020,Q1,2020Q1,6472210.13,4217549.43,252694.84,2001965.86,217,4779,30.93
C002,DeltaTech TE,Technology,Morocco,2020,Q2,2020Q2,7040734.18,4593506.02,218229.45,2228998.71,214,6421,31.66
C002,DeltaTech TE,Technology,Morocco,2020,Q3,2020Q3,6591417.51,4516030.76,279923.075,1795463.675,212,3831,27.24
C002,DeltaTech TE,Technology,Morocco,2020,Q4,2020Q4,6207125.08,4233239.5,282278.31,1691607.27,210,3650,27.25
C002,DeltaTech TE,Technology,Morocco,2021,Q1,2021Q1,6929455.43,4197685.81,286341.91,2445427.71,212,3071,35.29
C002,DeltaTech TE,Technology,Morocco,2021,Q2,2021Q2,7377447.4,5004907.01,566532.87,1806007.5200000005,214,9045,24.48
C002,DeltaTech TE,Technology,Morocco,2021,Q3,2021Q3,6416149.09,4104313.23,379430.69,1932405.17,217,5811,30.12
C002,DeltaTech TE,Technology,Morocco,2021,Q4,2021Q4,6158268.69,3766472.01,451132.57,1940664.1100000006,219,3272,31.51
C002,DeltaTech TE,Technology,Morocco,2022,Q1,2022Q1,7204549.18,5107753.48,488960.63,1607835.0699999994,220,4400,22.32
C002,DeltaTech TE,Technology,Morocco,2022,Q2,2022Q2,7572643.73,4920996.77,331765.97,2319880.990000001,220,8663,30.64
C002,DeltaTech TE,Technology,Morocco,2022,Q3,2022Q3,6978646.93,5133937.31,215831.38,1628878.2400000002,217,2862,23.34
C002,DeltaTech TE,Technology,Morocco,2022,Q4,2022Q4,6542036.87,3998096.51,225836.19,2318104.1700000004,215,4025,35.43
C002,DeltaTech TE,Technology,Morocco,2023,Q1,2023Q1,7473437.98,4962454.25,536307.27,1974676.4600000004,213,3009,26.42
C002,DeltaTech TE,Technology,Morocco,2023,Q2,2023Q2,7563440.05,4606574.56,342244.29,2614621.2,215,7327,34.57
C002,DeltaTech TE,Technology,Morocco,2023,Q3,2023Q3,6872094.89,4893087.41,539883.25,1439124.2299999995,212,3185,20.94
C002,DeltaTech TE,Technology,Morocco,2023,Q4,2023Q4,8189164.51,5153906.09,280531.75,2754726.67,215,5299,33.64
C002,DeltaTech TE,Technology,Morocco,2024,Q1,2024Q1,7532525.97,4574565.17,471224.87,2486735.9299999997,217,8723,33.01
C002,DeltaTech TE,Technology,Morocco,2024,Q2,2024Q2,8276038.07,5440803.86,398871.36,2436362.85,217,6559,29.44
C002,DeltaTech TE,Technology,Morocco,2024,Q3,2024Q3,7436399.36,4880292.69,246151.54,2309955.13,218,3655,31.06
C002,DeltaTech TE,Technology,Morocco,2024,Q4,2024Q4,7408279.12,5133337.51,653204.36,1621737.2500000005,216,4820,21.89
C003,CairoByte TE,Technology,UAE,2020,Q1,2020Q1,2899605.31,1685504.06,117137.27,1096963.98,42,1439,37.83
C003,CairoByte TE,Technology,UAE,2020,Q2,2020Q2,3028392.09,2243956.95,141716.74,642718.3999999997,45,1645,21.22
C003,CairoByte TE,Technology,UAE,2020,Q3,2020Q3,3097586.54,1778116.68,122412.86,1197057.0,47,3226,38.64
C003,CairoByte TE,Technology,UAE,2020,Q4,2020Q4,2831628.85,1955895.45,230289.68,645443.7200000002,50,1731,22.79
C003,CairoByte TE,Technology,UAE,2021,Q1,2021Q1,3078129.37,1722557.47,212349.13,1143222.77,51,1792,37.14
C003,CairoByte TE,Technology,UAE,2021,Q2,2021Q2,3574863.17,2016629.47,142193.99,1416039.71,50,1990,39.61
C003,CairoByte TE,Technology,UAE,2021,Q3,2021Q3,3323413.18,1913289.2,214034.53,1196089.4500000002,47,1782,35.99
C003,CairoByte TE,Technology,UAE,2021,Q4,2021Q4,3070815.04,2244981.15,269222.76,556611.1300000001,48,3334,18.13
C003,CairoByte TE,Technology,UAE,2022,Q1,2022Q1,3201169.81,2206718.19,118731.04,875720.5800000001,49,1561,27.36
C003,CairoByte TE,Technology,UAE,2022,Q2,2022Q2,3657660.81,2412572.5,322074.71,923013.6000000001,48,2055,25.24
C003,CairoByte TE,Technology,UAE,2022,Q3,2022Q3,3071506.98,1898684.93,235230.68,937591.3700000001,45,1474,30.53
C003,CairoByte TE,Technology,UAE,2022,Q4,2022Q4,3069106.44,2015990.12,161630.6,891485.7199999999,44,2350,29.05
C003,CairoByte TE,Technology,UAE,2023,Q1,2023Q1,3505224.54,2329879.21,305082.23,870263.1000000001,41,2699,24.83
C003,CairoByte TE,Technology,UAE,2023,Q2,2023Q2,4161290.55,2465754.32,263085.87,1432450.3599999999,38,1700,34.42
C003,CairoByte TE,Technology,UAE,2023,Q3,2023Q3,3635625.17,2060750.01,131127.4,1443747.76,36,1654,39.71
C003,CairoByte TE,Technology,UAE,2023,Q4,2023Q4,3315126.33,2163667.7,128614.6,1022844.0299999999,38,1462,30.85
C003,CairoByte TE,Technology,UAE,2024,Q1,2024Q1,3477597.49,2301059.67,266484.17,910053.6500000004,37,3516,26.17
C003,CairoByte TE,Technology,UAE,2024,Q2,2024Q2,3908071.9,2466151.32,176726.65,1265193.9300000002,40,1857,32.37
C003,CairoByte TE,Technology,UAE,2024,Q3,2024Q3,3923241.48,2912749.86,255019.04,755472.5800000001,42,1723,19.26
C003,CairoByte TE,Technology,UAE,2024,Q4,2024Q4,3287020.38,2335171.1,184665.3,767183.9799999997,44,2437,23.34
C004,PixelWave TE,Technology,Morocco,2020,Q1,2020Q1,6353683.14,3705741.77,219367.73,2428573.6399999997,463,2548,38.22
C004,PixelWave TE,Technology,Morocco,2020,Q2,2020Q2,6336367.64,4627015.89,412236.85,1297114.9,463,4983,20.47
C004,PixelWave TE,Technology,Morocco,2020,Q3,2020Q3,5857570.13,3533213.58,256348.85,2068007.6999999997,466,3729,35.3
C004,PixelWave TE,Technology,Morocco,2020,Q4,2020Q4,5576591.78,3412347.31,346673.19,1817571.2800000003,468,5180,32.59
C004,PixelWave TE,Technology,Morocco,2021,Q1,2021Q1,6912587.15,3916324.06,588610.9,2407652.1900000004,465,6399,34.83
C004,PixelWave TE,Technology,Morocco,2021,Q2,2021Q2,7324143.94,4731939.09,561440.58,2030764.2700000005,462,3314,27.73
C004,PixelWave TE,Technology,Morocco,2021,Q3,2021Q3,6482465.54,3919826.43,355817.15,2206821.96,228,3076,34.04
C004,PixelWave TE,Technology,Morocco,2021,Q4,2021Q4,6079948.54,3803434.08,458579.34,1817935.1199999999,464,4953,29.9
C004,PixelWave TE,Technology,Morocco,2022,Q1,2022Q1,6211083.4,4183945.08,436651.84,1590486.4800000002,462,3198,25.61
C004,PixelWave TE,Technology,Morocco,2022,Q2,2022Q2,7171086.41,5136464.88,420029.48,1614592.0500000003,464,2932,22.52
C004,PixelWave TE,Technology,Morocco,2022,Q3,2022Q3,6733309.65,3742080.84,256141.25,2735087.5600000005,463,3371,40.62
C004,PixelWave TE,Technology,Morocco,2022,Q4,2022Q4,6777379.16,4564244.58,570581.2,1642553.3800000001,466,3600,24.24
C004,PixelWave TE,Technology,Morocco,2023,Q1,2023Q1,7281357.84,4753255.09,370587.1,2157515.65,465,3919,29.63
C004,PixelWave TE,Technology,Morocco,2023,Q2,2023Q2,8123055.71,5761637.56,583710.7,1777707.4500000004,465,3854,21.88
C004,PixelWave TE,Technology,Morocco,2023,Q3,2023Q3,7267142.12,4474745.1,432809.81,2359587.2100000004,462,7822,32.47
C004,PixelWave TE,Technology,Morocco,2023,Q4,2023Q4,6855715.82,4572441.75,394938.25,1888335.8200000003,462,6198,27.54
C004,PixelWave TE,Technology,Morocco,2024,Q1,2024Q1,7564024.53,5170098.11,442024.18,1951902.24,463,8699,25.81
C004,PixelWave TE,Technology,Morocco,2024,Q2,2024Q2,7774067.68,4816220.29,394183.77,2563663.6199999996,463,4550,32.98
C004,PixelWave TE,Technology,Morocco,2024,Q3,2024Q3,7250118.43,4988653.99,436493.64,1824970.7999999993,466,3172,25.17
C004,PixelWave TE,Technology,Morocco,2024,Q4,2024Q4,7011407.01,3859912.81,369060.54,2782433.6599999997,468,4094,39.68
C005,CodeNile TE,Technology,Morocco,2020,Q1,2020Q1,3909594.37,2265796.89,279923.075,1363874.405,386,1748,34.89
C005,CodeNile TE,Technology,Morocco,2020,Q2,2020Q2,3766977.19,2152580.36,233276.88,1381119.9500000002,383,3107,36.66
C005,CodeNile TE,Technology,Morocco,2020,Q3,2020Q3,3529645.54,2534786.7,225325.18,769533.6599999999,384,2950,21.8
C005,CodeNile TE,Technology,Morocco,2020,Q4,2020Q4,3266058.49,2239929.75,214304.22,811824.5200000003,387,3446,24.86
C005,CodeNile TE,Technology,Morocco,2021,Q1,2021Q1,3829629.92,2538629.92,249661.72,1041338.28,385,1644,27.19
C005,CodeNile TE,Technology,Morocco,2021,Q2,2021Q2,3867342.12,2512417.03,172720.1,1182204.9900000002,228,4757,30.57
C005,CodeNile TE,Technology,Morocco,2021,Q3,2021Q3,3751259.03,2203164.71,148703.22,1399391.0999999999,389,1613,37.3
C005,CodeNile TE,Technology,Morocco,2021,Q4,2021Q4,3474435.93,1923616.23,114997.33,1435822.37,392,1472,41.33
C005,CodeNile TE,Technology,Morocco,2022,Q1,2022Q1,3812843.5,2606950.32,153479.36,1052413.8200000003,391,2152,27.6
C005,CodeNile TE,Technology,Morocco,2022,Q2,2022Q2,4448944.41,2629395.16,357316.76,1462232.49,388,2615,32.87
C005,CodeNile TE,Technology,Morocco,2022,Q3,2022Q3,3708905.35,2154401.28,240612.61,1313891.4600000004,386,4176,35.43
C005,CodeNile TE,Technology,Morocco,2022,Q4,2022Q4,3434384.92,2265734.56,196639.41,972010.9499999998,386,1748,28.3
C005,CodeNile TE,Technology,Morocco,2023,Q1,2023Q1,4277299.16,2862059.56,323422.29,1091817.31,383,3070,25.53
C005,CodeNile TE,Technology,Morocco,2023,Q2,2023Q2,4305419.13,3010327.12,348926.87,946165.1399999998,381,1732,21.98
C005,CodeNile TE,Technology,Morocco,2023,Q3,2023Q3,4301097.27,2485838.42,346280.17,1468978.6799999997,382,3989,34.15
C005,CodeNile TE,Technology,Morocco,2023,Q4,2023Q4,4021112.43,2401160.44,165606.7,1454345.2900000003,380,3006,36.17
C005,CodeNile TE,Technology,Morocco,2024,Q1,2024Q1,4551521.12,2846470.72,279923.075,1425127.325,383,2197,31.31
C005,CodeNile TE,Technology,Morocco,2024,Q2,2024Q2,4606883.47,2861208.59,297831.22,1447843.66,382,5044,31.43
C005,CodeNile TE,Technology,Morocco,2024,Q3,2024Q3,3888252.72,2706650.93,194291.89,987309.9,379,1695,25.39
C005,CodeNile TE,Technology,Morocco,2024,Q4,2024Q4,4189672.55,3053343.35,259791.81,876537.3899999997,380,3150,20.92
C006,SouqPlus RE,Retail,Saudi Arabia,2020,Q1,2020Q1,5933628.91,4159041.06,353875.04,1420712.81,98,4109,23.94
C006,SouqPlus RE,Retail,Saudi Arabia,2020,Q2,2020Q2,5932287.43,3734122.57,223346.59,1974818.2699999998,98,4986,33.29
C006,SouqPlus RE,Retail,Saudi Arabia,2020,Q3,2020Q3,6172600.74,4134444.23,450419.27,1587737.2400000002,96,4060,25.72
C006,SouqPlus RE,Retail,Saudi Arabia,2020,Q4,2020Q4,5162772.99,2997868.84,448319.72,1716584.4300000004,99,2806,33.25
C006,SouqPlus RE,Retail,Saudi Arabia,2021,Q1,2021Q1,7716230.18,5661784.7,278808.69,1775636.7899999996,96,5371,23.01
C006,SouqPlus RE,Retail,Saudi Arabia,2021,Q2,2021Q2,8376559.06,5840881.21,464462.11,2071215.7399999998,98,3385,24.73
C006,SouqPlus RE,Retail,Saudi Arabia,2021,Q3,2021Q3,7689659.08,4708292.54,383935.33,2597431.21,99,5322,33.78
C006,SouqPlus RE,Retail,Saudi Arabia,2021,Q4,2021Q4,6482840.63,4606516.54,324867.04,1551457.0499999998,97,2742,23.93
C006,SouqPlus RE,Retail,Saudi Arabia,2022,Q1,2022Q1,6998229.0,4670713.53,595600.26,1731915.2099999997,166,6471,24.75
C006,SouqPlus RE,Retail,Saudi Arabia,2022,Q2,2022Q2,7597118.49,4729045.05,644925.12,2223148.3200000003,99,9239,29.26
C006,SouqPlus RE,Retail,Saudi Arabia,2022,Q3,2022Q3,7815807.46,5169852.4,449716.4,2196238.6599999997,102,7018,28.1
C006,SouqPlus RE,Retail,Saudi Arabia,2022,Q4,2022Q4,7459057.31,4202546.98,490232.38,2766277.9499999993,104,3205,37.09
C006,SouqPlus RE,Retail,Saudi Arabia,2023,Q1,2023Q1,8692796.91,6129339.12,295055.42,2268402.37,102,5610,26.1
C006,SouqPlus RE,Retail,Saudi Arabia,2023,Q2,2023Q2,7240091.16,5090299.99,433107.44,1716683.73,101,7798,23.71
C006,SouqPlus RE,Retail,Saudi Arabia,2023,Q3,2023Q3,7214695.66,4557861.14,495216.51,2161618.0100000007,104,8527,29.96
C006,SouqPlus RE,Retail,Saudi Arabia,2023,Q4,2023Q4,7622424.39,4491304.87,344787.51,2786332.01,105,5536,36.55
C006,SouqPlus RE,Retail,Saudi Arabia,2024,Q1,2024Q1,8014853.57,4567571.11,419757.03,3027525.4299999997,104,3554,37.77
C006,SouqPlus RE,Retail,Saudi Arabia,2024,Q2,2024Q2,8077824.2,5968558.46,708901.44,1400364.3000000003,102,5980,17.34
C006,SouqPlus RE,Retail,Saudi Arabia,2024,Q3,2024Q3,8006403.9,5832940.2,442637.83,1730825.87,100,6451,21.62
C006,SouqPlus RE,Retail,Saudi Arabia,2024,Q4,2024Q4,7656455.73,4263463.86,396478.48,2996513.39,97,3619,39.14
C007,MarketOne RE,Retail,UAE,2020,Q1,2020Q1,4674106.46,2968257.19,364539.71,1341309.56,170,3774,28.7
C007,MarketOne RE,Retail,UAE,2020,Q2,2020Q2,4994587.63,3168270.65,343144.4,1483172.58,171,2271,29.7
C007,MarketOne RE,Retail,UAE,2020,Q3,2020Q3,4489155.43,2832879.82,152768.31,1503507.2999999998,173,4575,33.49
C007,MarketOne RE,Retail,UAE,2020,Q4,2020Q4,4142895.31,3024329.02,158313.03,960253.26,170,2275,23.18
C007,MarketOne RE,Retail,UAE,2021,Q1,2021Q1,6601716.18,4164866.28,530028.14,1906821.7599999998,172,4710,28.88
C007,MarketOne RE,Retail,UAE,2021,Q2,2021Q2,6746001.35,3822012.73,501106.59,2422882.03,171,4614,35.92
C007,MarketOne RE,Retail,UAE,2021,Q3,2021Q3,6236519.47,4136564.42,298275.91,1801679.14,172,2606,28.89
C007,MarketOne RE,Retail,UAE,2021,Q4,2021Q4,5314964.68,3210144.3,313717.37,1791103.0099999998,169,2382,33.7
C007,MarketOne RE,Retail,UAE,2022,Q1,2022Q1,6642216.22,4677332.03,332473.7,1632410.4899999995,167,3371,24.58
C007,MarketOne RE,Retail,UAE,2022,Q2,2022Q2,6948579.01,3927244.32,400105.37,2621229.32,164,3198,37.72
C007,MarketOne RE,Retail,UAE,2022,Q3,2022Q3,5541348.13,4015200.83,346412.15,1179735.15,166,2886,21.29
C007,MarketOne RE,Retail,UAE,2022,Q4,2022Q4,5648033.53,4214084.57,385387.33,1048561.6299999999,163,2854,18.57
C007,MarketOne RE,Retail,UAE,2023,Q1,2023Q1,6105690.27,4051669.18,249322.94,1804698.1499999994,161,2574,29.56
C007,MarketOne RE,Retail,UAE,2023,Q2,2023Q2,6820888.91,4836476.56,377234.44,1607177.9100000006,163,3598,23.56
C007,MarketOne RE,Retail,UAE,2023,Q3,2023Q3,5599098.18,3165677.71,208476.9,2224943.57,163,2755,39.74
C007,MarketOne RE,Retail,UAE,2023,Q4,2023Q4,5916547.18,4205454.5,380704.17,1330388.5099999998,160,2880,22.49
C007,MarketOne RE,Retail,UAE,2024,Q1,2024Q1,6148473.38,3411665.87,270394.91,2466412.5999999996,159,2565,40.11
C007,MarketOne RE,Retail,UAE,2024,Q2,2024Q2,6927833.37,3823451.05,236944.25,2867438.0700000003,159,3876,41.39
C007,MarketOne RE,Retail,UAE,2024,Q3,2024Q3,5598996.33,3346830.46,415753.13,1836412.7400000002,159,4346,32.8
C007,MarketOne RE,Retail,UAE,2024,Q4,2024Q4,5417940.01,3618217.94,395147.7,1404574.3699999999,162,6180,25.92
C008,BazaarLine RE,Retail,UAE,2020,Q1,2020Q1,4472645.6,2878059.34,387706.46,1206879.7999999998,348,1799,26.98
C008,BazaarLine RE,Retail,UAE,2020,Q2,2020Q2,4709495.42,3379369.77,254759.28,1075366.3699999999,347,4688,22.83
C008,BazaarLine RE,Retail,UAE,2020,Q3,2020Q3,4183739.05,2953372.08,172312.71,1058054.2599999998,344,1709,25.29
C008,BazaarLine RE,Retail,UAE,2020,Q4,2020Q4,3932765.37,2632808.71,240274.75,1059681.9100000001,342,2346,26.94
C008,BazaarLine RE,Retail,UAE,2021,Q1,2021Q1,5316745.99,3162868.99,419757.03,1734119.97,344,2940,32.62
C008,BazaarLine RE,Retail,UAE,2021,Q2,2021Q2,5558126.84,3565462.89,453585.44,1539078.5099999998,343,3451,27.69
C008,BazaarLine RE,Retail,UAE,2021,Q3,2021Q3,5741200.34,3257541.87,361990.96,2121667.51,344,4624,36.96
C008,BazaarLine RE,Retail,UAE,2021,Q4,2021Q4,4836964.39,3175566.3,159266.8,1502131.2899999998,342,2730,31.06
C008,BazaarLine RE,Retail,UAE,2022,Q1,2022Q1,5942077.21,3887616.27,439919.28,1614541.66,339,5566,27.17
C008,BazaarLine RE,Retail,UAE,2022,Q2,2022Q2,6271515.09,3748722.93,313829.96,2208962.1999999997,340,2728,35.22
C008,BazaarLine RE,Retail,UAE,2022,Q3,2022Q3,5626215.25,3931045.89,281913.51,1413255.8499999999,341,2540,25.12
C008,BazaarLine RE,Retail,UAE,2022,Q4,2022Q4,5136266.47,3023342.93,419757.03,1693166.5099999995,344,2932,32.96
C008,BazaarLine RE,Retail,UAE,2023,Q1,2023Q1,5653034.44,3130003.45,265695.88,2257335.1100000003,347,3854,39.93
C008,BazaarLine RE,Retail,UAE,2023,Q2,2023Q2,6123476.28,3493455.13,526139.41,2103881.74,346,6689,34.36
C008,BazaarLine RE,Retail,UAE,2023,Q3,2023Q3,5900429.18,3804093.88,427865.61,1668469.69,346,3104,28.28
C008,BazaarLine RE,Retail,UAE,2023,Q4,2023Q4,5826455.87,3233201.65,439872.9,2153381.3200000003,344,2970,36.96
C008,BazaarLine RE,Retail,UAE,2024,Q1,2024Q1,5769701.17,3291260.97,499992.02,1978448.1799999997,343,2617,34.29
C008,BazaarLine RE,Retail,UAE,2024,Q2,2024Q2,6656871.94,3770959.58,287884.26,2598028.1000000006,340,5264,39.03
C008,BazaarLine RE,Retail,UAE,2024,Q3,2024Q3,5972019.42,4436637.68,486370.85,1049010.8900000001,338,4489,17.57
C008,BazaarLine RE,Retail,UAE,2024,Q4,2024Q4,5816740.81,3466724.71,486546.82,1863469.2799999996,337,2563,32.04
C009,RetailHub RE,Retail,UAE,2020,Q1,2020Q1,6567689.19,4721883.79,419757.03,1426048.3700000003,118,6419,21.71
C009,RetailHub RE,Retail,UAE,2020,Q2,2020Q2,7464940.84,5550200.33,632356.35,1282384.1599999997,121,9306,17.18
C009,RetailHub RE,Retail,UAE,2020,Q3,2020Q3,6627530.27,3910938.39,369937.83,2346654.0499999993,122,3703,35.41
C009,RetailHub RE,Retail,UAE,2020,Q4,2020Q4,6003265.64,3821975.16,392708.64,1788581.8399999994,125,4077,29.79
C009,RetailHub RE,Retail,UAE,2021,Q1,2021Q1,7737642.93,5586767.61,554780.59,1596094.7299999995,122,6386,20.63
C009,RetailHub RE,Retail,UAE,2021,Q2,2021Q2,9087681.95,5031608.92,583922.37,3472150.659999999,120,6546,38.21
C009,RetailHub RE,Retail,UAE,2021,Q3,2021Q3,8554482.92,5304852.02,301733.64,2947897.2600000002,122,4847,34.46
C009,RetailHub RE,Retail,UAE,2021,Q4,2021Q4,7708293.94,5505942.98,551849.38,1650501.58,123,3188,21.41
C009,RetailHub RE,Retail,UAE,2022,Q1,2022Q1,9302687.09,6445063.36,765221.81,2092401.9199999995,126,4257,22.49
C009,RetailHub RE,Retail,UAE,2022,Q2,2022Q2,9750319.03,6441063.58,679101.99,2630153.459999999,129,6027,26.98
C009,RetailHub RE,Retail,UAE,2022,Q3,2022Q3,9339923.92,5249694.93,325942.79,3764286.2,127,4092,40.3
C009,RetailHub RE,Retail,UAE,2022,Q4,2022Q4,7744103.92,4987485.73,385199.83,2371418.3599999994,126,5037,30.62
C009,RetailHub RE,Retail,UAE,2023,Q1,2023Q1,8090893.44,5248201.47,506075.01,2336616.960000001,128,6886,28.88
C009,RetailHub RE,Retail,UAE,2023,Q2,2023Q2,9029808.46,5431760.08,287501.43,3310546.9500000007,129,4434,36.66
C009,RetailHub RE,Retail,UAE,2023,Q3,2023Q3,8890913.09,6255155.47,659003.53,1976754.09,126,5311,22.23
C009,RetailHub RE,Retail,UAE,2023,Q4,2023Q4,8195756.26,5696472.95,461559.79,2037723.5199999996,128,3515,24.86
C009,RetailHub RE,Retail,UAE,2024,Q1,2024Q1,8398836.63,5401817.28,445397.27,2551622.0800000005,128,3963,30.38
C009,RetailHub RE,Retail,UAE,2024,Q2,2024Q2,9824480.58,5756522.96,830580.76,3237376.8600000003,130,6001,32.95
C009,RetailHub RE,Retail,UAE,2024,Q3,2024Q3,8766685.21,5837586.47,574876.29,2354222.450000001,127,4593,26.85
C009,RetailHub RE,Retail,UAE,2024,Q4,2024Q4,8289997.39,4987483.66,730885.46,2571628.2699999996,127,3919,31.02
C010,ShopWay RE,Retail,Morocco,2020,Q1,2020Q1,6487981.87,4643946.08,325827.69,1518208.1,240,3508,23.4
C010,ShopWay RE,Retail,Morocco,2020,Q2,2020Q2,6856407.59,4263658.09,309578.23,2283171.27,240,4874,33.3
C010,ShopWay RE,Retail,Morocco,2020,Q3,2020Q3,6907148.11,4607557.32,541107.43,1758483.3599999999,238,6975,25.46
C010,ShopWay RE,Retail,Morocco,2020,Q4,2020Q4,6127418.01,3520778.61,546575.36,2060064.04,237,5540,33.62
C010,ShopWay RE,Retail,Morocco,2021,Q1,2021Q1,8444160.53,4894815.05,274387.69,3274957.7899999996,240,5367,38.78
C010,ShopWay RE,Retail,Morocco,2021,Q2,2021Q2,9276007.11,5737495.15,568654.51,2969857.4499999993,240,9044,32.02
C010,ShopWay RE,Retail,Morocco,2021,Q3,2021Q3,8076649.07,6008884.83,568644.12,1499120.12,241,5196,18.56
C010,ShopWay RE,Retail,Morocco,2021,Q4,2021Q4,7570973.89,4550619.45,664737.64,2355616.7999999993,239,6230,31.11
C010,ShopWay RE,Retail,Morocco,2022,Q1,2022Q1,8623816.83,6348765.46,274437.65,2000613.7200000002,241,7391,23.2
C010,ShopWay RE,Retail,Morocco,2022,Q2,2022Q2,9804917.12,6669761.49,525855.98,2609299.649999999,243,3923,26.61
C010,ShopWay RE,Retail,Morocco,2022,Q3,2022Q3,8947270.44,6267433.68,801677.37,1878159.3899999997,241,9079,20.99
C010,ShopWay RE,Retail,Morocco,2022,Q4,2022Q4,7741989.27,4764471.54,419990.68,2557527.0499999993,238,3693,33.03
C010,ShopWay RE,Retail,Morocco,2023,Q1,2023Q1,9009053.39,5489881.59,473338.68,3045833.1200000006,236,4814,33.81
C010,ShopWay RE,Retail,Morocco,2023,Q2,2023Q2,9942205.7,6851108.74,534595.99,2556500.969999999,233,8258,25.71
C010,ShopWay RE,Retail,Morocco,2023,Q3,2023Q3,8599580.42,5019479.44,560896.47,3019204.51,234,5209,35.11
C010,ShopWay RE,Retail,Morocco,2023,Q4,2023Q4,8344765.32,5455944.06,682601.96,2206219.3000000007,234,6046,26.44
C010,ShopWay RE,Retail,Morocco,2024,Q1,2024Q1,8836910.52,5702803.84,395577.05,2738529.63,234,4269,30.99
C010,ShopWay RE,Retail,Morocco,2024,Q2,2024Q2,8494675.86,4703047.7,741852.12,3049776.039999999,233,6997,35.9
C010,ShopWay RE,Retail,Morocco,2024,Q3,2024Q3,8324113.97,4902167.82,489049.97,2932896.1799999997,235,4927,35.23
C010,ShopWay RE,Retail,Morocco,2024,Q4,2024Q4,7730802.45,5493548.26,374459.95,1862794.2400000005,233,4207,24.1
C011,MedCare HE,Healthcare,Jordan,2020,Q1,2020Q1,2979394.44,2150774.67,111409.57,717210.2,486,2288,24.07
C011,MedCare HE,Healthcare,Jordan,2020,Q2,2020Q2,3309988.64,1990337.73,211967.48,1107683.4300000002,483,1525,33.46
C011,MedCare HE,Healthcare,Jordan,2020,Q3,2020Q3,3082290.61,1696852.77,113238.0,1272199.8399999999,481,1703,41.27
C011,MedCare HE,Healthcare,Jordan,2020,Q4,2020Q4,3104409.1,2086772.0,132628.71,885008.3900000001,478,1332,28.51
C011,MedCare HE,Healthcare,Jordan,2021,Q1,2021Q1,3169976.55,2265020.72,147367.02,757588.8099999996,478,3293,23.9
C011,MedCare HE,Healthcare,Jordan,2021,Q2,2021Q2,3187345.34,2023291.64,124249.85,1039803.85,475,1399,32.62
C011,MedCare HE,Healthcare,Jordan,2021,Q3,2021Q3,3073089.2,2084766.19,96551.28,891771.7300000002,477,2573,29.02
C011,MedCare HE,Healthcare,Jordan,2021,Q4,2021Q4,3192854.01,1793397.11,216861.61,1182595.2899999996,475,1759,37.04
C011,MedCare HE,Healthcare,Jordan,2022,Q1,2022Q1,2922523.29,2012119.96,213507.47,696895.8600000001,478,1638,23.85
C011,MedCare HE,Healthcare,Jordan,2022,Q2,2022Q2,3334415.55,2010582.85,254607.18,1069225.5199999998,475,2249,32.07
C011,MedCare HE,Healthcare,Jordan,2022,Q3,2022Q3,3092180.21,2021704.4,105645.67,964830.14,473,1346,31.2
C011,MedCare HE,Healthcare,Jordan,2022,Q4,2022Q4,2731857.65,1628640.21,193437.15,909780.2899999999,473,3073,33.3
C011,MedCare HE,Healthcare,Jordan,2023,Q1,2023Q1,3356781.78,2158548.72,247861.51,950371.5499999996,474,1382,28.31
C011,MedCare HE,Healthcare,Jordan,2023,Q2,2023Q2,3409680.68,2390075.56,232191.08,787414.0400000002,477,2245,23.09
C011,MedCare HE,Healthcare,Jordan,2023,Q3,2023Q3,3171793.46,2249087.0,221691.56,701014.8999999999,477,1275,22.1
C011,MedCare HE,Healthcare,Jordan,2023,Q4,2023Q4,3003897.15,2055601.93,134032.1,814263.12,474,1404,27.11
C011,MedCare HE,Healthcare,Jordan,2024,Q1,2024Q1,3368448.81,1895162.76,133249.91,1340036.1400000001,471,2439,39.78
C011,MedCare HE,Healthcare,Jordan,2024,Q2,2024Q2,3562783.61,2627166.58,125618.64,809998.3899999998,474,2415,22.73
C011,MedCare HE,Healthcare,Jordan,2024,Q3,2024Q3,3468968.52,2301019.11,223662.59,944286.8200000002,476,2351,27.22
C011,MedCare HE,Healthcare,Jordan,2024,Q4,2024Q4,2756632.97,1725995.88,217903.52,812733.5700000003,473,2091,29.48
C012,HealPoint HE,Healthcare,UAE,2020,Q1,2020Q1,2706220.99,1798576.89,236630.27,671013.8300000003,37,1675,24.8
C012,HealPoint HE,Healthcare,UAE,2020,Q2,2020Q2,3116745.04,2017819.34,266062.29,832863.4099999999,36,2840,26.72
C012,HealPoint HE,Healthcare,UAE,2020,Q3,2020Q3,2695661.91,1755473.02,158219.29,781969.6000000001,36,1271,29.01
C012,HealPoint HE,Healthcare,UAE,2020,Q4,2020Q4,2593703.29,1689093.17,126336.61,778273.5100000001,37,1372,30.01
C012,HealPoint HE,Healthcare,UAE,2021,Q1,2021Q1,2857180.95,1792287.24,148253.1,916640.6100000002,39,2463,32.08
C012,HealPoint HE,Healthcare,UAE,2021,Q2,2021Q2,3144451.14,1765785.75,282032.05,1096633.34,41,3124,34.88
C012,HealPoint HE,Healthcare,UAE,2021,Q3,2021Q3,2781752.5,1873817.23,198887.19,709048.0800000001,41,2326,25.49
C012,HealPoint HE,Healthcare,UAE,2021,Q4,2021Q4,2765562.57,1866144.01,133784.69,765633.8699999999,41,2705,27.68
C012,HealPoint HE,Healthcare,UAE,2022,Q1,2022Q1,3188412.24,2088731.81,163419.44,936260.9900000002,42,2186,29.36
C012,HealPoint HE,Healthcare,UAE,2022,Q2,2022Q2,3183423.58,2015841.86,97609.74,1069971.98,40,2563,33.61
C012,HealPoint HE,Healthcare,UAE,2022,Q3,2022Q3,2832809.39,1741328.15,190186.02,901295.2200000002,41,2489,31.82
C012,HealPoint HE,Healthcare,UAE,2022,Q4,2022Q4,2911649.22,1885499.04,254986.51,771163.6700000002,41,1851,26.49
C012,HealPoint HE,Healthcare,UAE,2023,Q1,2023Q1,2921836.75,2112289.51,109954.52,699592.7200000002,42,1341,23.94
C012,HealPoint HE,Healthcare,UAE,2023,Q2,2023Q2,3088484.38,1982465.24,165754.56,940264.5799999998,39,1274,30.44
C012,HealPoint HE,Healthcare,UAE,2023,Q3,2023Q3,3142730.47,1776533.27,246808.08,1119389.12,40,2554,35.62
C012,HealPoint HE,Healthcare,UAE,2023,Q4,2023Q4,2823070.73,1832428.17,224456.51,766186.05,37,2380,27.14
C012,HealPoint HE,Healthcare,UAE,2024,Q1,2024Q1,3122546.63,2177934.91,121810.98,822800.7399999998,34,3585,26.35
C012,HealPoint HE,Healthcare,UAE,2024,Q2,2024Q2,3415372.6,2328625.31,255375.73,831371.56,34,3969,24.34
C012,HealPoint HE,Healthcare,UAE,2024,Q3,2024Q3,3037522.35,1883083.57,145169.68,1009269.1000000001,33,2724,33.23
C012,HealPoint HE,Healthcare,UAE,2024,Q4,2024Q4,3102975.42,2047725.5,169819.19,885430.73,30,1852,28.53
C013,VitaLife HE,Healthcare,Morocco,2020,Q1,2020Q1,2504721.86,1438404.87,106053.02,960263.9699999997,389,1322,38.34
C013,VitaLife HE,Healthcare,Morocco,2020,Q2,2020Q2,3015562.96,2198836.69,176999.43,639726.8400000001,387,1877,21.21
C013,VitaLife HE,Healthcare,Morocco,2020,Q3,2020Q3,2936211.08,2091621.59,219876.38,624713.11,385,2135,21.28
C013,VitaLife HE,Healthcare,Morocco,2020,Q4,2020Q4,2582498.17,1612598.13,112279.11,857620.93,387,1402,33.21
C013,VitaLife HE,Healthcare,Morocco,2021,Q1,2021Q1,2821980.66,1832056.85,199115.95,790807.8600000001,387,1229,28.02
C013,VitaLife HE,Healthcare,Morocco,2021,Q2,2021Q2,3194606.49,1918195.73,271974.71,1004436.0500000003,389,1431,31.44
C013,VitaLife HE,Healthcare,Morocco,2021,Q3,2021Q3,2913515.49,1920022.39,118421.95,875071.1500000004,392,1330,30.03
C013,VitaLife HE,Healthcare,Morocco,2021,Q4,2021Q4,2528773.01,1467030.29,149965.46,911777.2599999998,389,1210,36.06
C013,VitaLife HE,Healthcare,Morocco,2022,Q1,2022Q1,2590686.71,1781814.89,165548.3,643323.52,392,1237,24.83
C013,VitaLife HE,Healthcare,Morocco,2022,Q2,2022Q2,3254890.69,2153463.23,129059.31,972368.1499999999,392,1416,29.87
C013,VitaLife HE,Healthcare,Morocco,2022,Q3,2022Q3,2875238.65,1698711.49,224280.86,952246.2999999999,391,1556,33.12
C013,VitaLife HE,Healthcare,Morocco,2022,Q4,2022Q4,2746352.43,1716613.02,195740.9,833998.5100000001,389,1225,30.37
C013,VitaLife HE,Healthcare,Morocco,2023,Q1,2023Q1,2735546.19,1671749.29,106503.79,957293.1099999999,391,1349,34.99
C013,VitaLife HE,Healthcare,Morocco,2023,Q2,2023Q2,2873169.48,1805227.15,188430.1,879512.2300000001,393,3567,30.61
C013,VitaLife HE,Healthcare,Morocco,2023,Q3,2023Q3,2934785.07,1850280.51,156307.87,928196.6899999998,394,1445,31.63
C013,VitaLife HE,Healthcare,Morocco,2023,Q4,2023Q4,2924110.82,1936629.58,189479.54,798001.6999999997,392,1499,27.29
C013,VitaLife HE,Healthcare,Morocco,2024,Q1,2024Q1,2992286.26,2026669.89,147598.95,818017.4199999999,385,1446,27.34
C013,VitaLife HE,Healthcare,Morocco,2024,Q2,2024Q2,3171412.33,2244481.42,229803.25,697127.6600000001,393,3018,21.98
C013,VitaLife HE,Healthcare,Morocco,2024,Q3,2024Q3,2949229.33,1658966.4,154201.4,1136061.5300000003,395,1440,38.52
C013,VitaLife HE,Healthcare,Morocco,2024,Q4,2024Q4,2958922.68,1876695.56,202845.73,879381.3900000001,397,2955,29.72
C014,PulseMed HE,Healthcare,Saudi Arabia,2020,Q1,2020Q1,4558922.81,2658120.16,404735.71,1496066.9399999995,383,2536,32.82
C014,PulseMed HE,Healthcare,Saudi Arabia,2020,Q2,2020Q2,5295710.28,3229033.47,323487.01,1743189.8,384,2373,32.92
C014,PulseMed HE,Healthcare,Saudi Arabia,2020,Q3,2020Q3,3939737.22,2723161.34,339767.66,876808.2200000004,383,1686,22.26
C014,PulseMed HE,Healthcare,Saudi Arabia,2020,Q4,2020Q4,4255076.4,2961114.67,239182.28,1054779.4500000004,383,2315,24.79
C014,PulseMed HE,Healthcare,Saudi Arabia,2021,Q1,2021Q1,4795487.88,2650372.76,279690.24,1865424.8800000001,385,1951,38.9
C014,PulseMed HE,Healthcare,Saudi Arabia,2021,Q2,2021Q2,4860229.44,3494300.29,270876.2,1095052.9500000004,384,2159,22.53
C014,PulseMed HE,Healthcare,Saudi Arabia,2021,Q3,2021Q3,4720491.78,2924196.74,258049.16,1538245.8800000001,387,2693,32.59
C014,PulseMed HE,Healthcare,Saudi Arabia,2021,Q4,2021Q4,4372308.34,3128708.75,234385.77,1009213.8199999998,388,2665,23.08
C014,PulseMed HE,Healthcare,Saudi Arabia,2022,Q1,2022Q1,4956662.39,3286594.56,207614.06,1462453.7699999996,385,2701,29.5
C014,PulseMed HE,Healthcare,Saudi Arabia,2022,Q2,2022Q2,5178094.14,2870771.81,212203.1,2095119.2299999995,387,5444,40.46
C014,PulseMed HE,Healthcare,Saudi Arabia,2022,Q3,2022Q3,5085304.5,3671731.92,187577.21,1225995.37,384,2538,24.11
C014,PulseMed HE,Healthcare,Saudi Arabia,2022,Q4,2022Q4,4519534.62,2690159.93,301787.45,1527587.24,386,4347,33.8
C014,PulseMed HE,Healthcare,Saudi Arabia,2023,Q1,2023Q1,5019191.68,3173901.46,289796.75,1555493.4699999997,388,5540,30.99
C014,PulseMed HE,Healthcare,Saudi Arabia,2023,Q2,2023Q2,5894554.67,3783407.98,462040.05,1649106.64,391,5457,27.98
C014,PulseMed HE,Healthcare,Saudi Arabia,2023,Q3,2023Q3,5184229.01,2982231.66,161108.94,2040888.4099999997,392,4200,39.37
C014,PulseMed HE,Healthcare,Saudi Arabia,2023,Q4,2023Q4,4727635.02,3531533.58,269826.75,926274.6899999995,389,2015,19.59
C014,PulseMed HE,Healthcare,Saudi Arabia,2024,Q1,2024Q1,5380999.93,3445666.07,281512.18,1653821.68,388,3472,30.73
C014,PulseMed HE,Healthcare,Saudi Arabia,2024,Q2,2024Q2,5450349.82,3568158.31,230146.4,1652045.1100000003,389,3058,30.31
C014,PulseMed HE,Healthcare,Saudi Arabia,2024,Q3,2024Q3,5406812.2,3943683.32,225736.84,1237392.0400000003,387,3092,22.89
C014,PulseMed HE,Healthcare,Saudi Arabia,2024,Q4,2024Q4,5014840.89,3617886.01,245755.79,1151199.0899999999,384,2028,22.96
C015,CarePlus HE,Healthcare,Jordan,2020,Q1,2020Q1,3712809.81,2274587.58,294138.63,1144083.6,46,1496,30.81
C015,CarePlus HE,Healthcare,Jordan,2020,Q2,2020Q2,3999484.26,2733983.45,356140.55,909360.2599999995,49,1739,22.74
C015,CarePlus HE,Healthcare,Jordan,2020,Q3,2020Q3,3377300.22,1920353.5,240503.15,1216443.5700000003,49,1375,36.02
C015,CarePlus HE,Healthcare,Jordan,2020,Q4,2020Q4,3065761.76,2188379.69,249830.84,627551.2299999999,48,2297,20.47
C015,CarePlus HE,Healthcare,Jordan,2021,Q1,2021Q1,3632109.14,2182405.07,177405.46,1272298.6100000003,49,2145,35.03
C015,CarePlus HE,Healthcare,Jordan,2021,Q2,2021Q2,3920148.37,2224432.89,144169.7,1551545.78,48,1675,39.58
C015,CarePlus HE,Healthcare,Jordan,2021,Q3,2021Q3,3930196.99,2649682.66,271454.21,1009060.1200000001,51,2454,25.67
C015,CarePlus HE,Healthcare,Jordan,2021,Q4,2021Q4,3297913.64,1834375.82,149192.64,1314345.1800000002,51,2469,39.85
C015,CarePlus HE,Healthcare,Jordan,2022,Q1,2022Q1,3520859.55,2634830.05,244055.23,641974.27,54,3018,18.23
C015,CarePlus HE,Healthcare,Jordan,2022,Q2,2022Q2,3940504.4,2193433.98,168490.7,1578579.72,54,1645,40.06
C015,CarePlus HE,Healthcare,Jordan,2022,Q3,2022Q3,3874842.63,2827741.88,129984.05,917116.7,53,4841,23.67
C015,CarePlus HE,Healthcare,Jordan,2022,Q4,2022Q4,3533031.15,2259059.36,129518.69,1144453.1,52,2043,32.39
C015,CarePlus HE,Healthcare,Jordan,2023,Q1,2023Q1,4051874.29,2243117.68,238024.13,1570732.48,54,1658,38.77
C015,CarePlus HE,Healthcare,Jordan,2023,Q2,2023Q2,4124343.34,2509430.5,336136.05,1278776.7899999998,54,1902,31.01
C015,CarePlus HE,Healthcare,Jordan,2023,Q3,2023Q3,3867987.85,2613396.79,245814.84,1008776.2200000001,56,2471,26.08
C015,CarePlus HE,Healthcare,Jordan,2023,Q4,2023Q4,3673472.1,2070619.36,136707.65,1466145.09,57,1668,39.91
C015,CarePlus HE,Healthcare,Jordan,2024,Q1,2024Q1,3712161.75,2077431.76,276896.05,1357833.94,60,1602,36.58
C015,CarePlus HE,Healthcare,Jordan,2024,Q2,2024Q2,4628528.93,3037533.69,312752.34,1278242.8999999997,59,3025,27.62
C015,CarePlus HE,Healthcare,Jordan,2024,Q3,2024Q3,3831673.75,2566438.61,306083.34,959151.8,56,1733,25.03
C015,CarePlus HE,Healthcare,Jordan,2024,Q4,2024Q4,3805181.55,2621351.87,119895.63,1063934.0499999998,56,2758,27.96
C016,TrustBank FI,Finance,Saudi Arabia,2020,Q1,2020Q1,7635690.3,4562223.35,478437.23,2595029.72,316,5252,33.99
C016,TrustBank FI,Finance,Saudi Arabia,2020,Q2,2020Q2,7822405.89,4713274.34,690295.81,2418835.7399999998,319,3163,30.92
C016,TrustBank FI,Finance,Saudi Arabia,2020,Q3,2020Q3,7597784.37,4239208.05,229265.13,3129311.1900000004,317,6299,41.19
C016,TrustBank FI,Finance,Saudi Arabia,2020,Q4,2020Q4,6789432.93,4184119.77,599452.35,2005860.8099999996,318,3693,29.54
C016,TrustBank FI,Finance,Saudi Arabia,2021,Q1,2021Q1,8253020.58,5949001.71,513506.65,1790512.2200000002,319,5200,21.7
C016,TrustBank FI,Finance,Saudi Arabia,2021,Q2,2021Q2,8276952.94,5400989.45,532397.77,2343565.72,320,5611,28.31
C016,TrustBank FI,Finance,Saudi Arabia,2021,Q3,2021Q3,7729699.43,5611549.5,478437.23,1639712.6999999997,322,3967,21.21
C016,TrustBank FI,Finance,Saudi Arabia,2021,Q4,2021Q4,6879366.27,3964563.81,616178.03,2298624.4299999997,322,4534,33.41
C016,TrustBank FI,Finance,Saudi Arabia,2022,Q1,2022Q1,7617765.6,5217571.98,346535.17,2053658.4499999993,323,3145,26.96
C016,TrustBank FI,Finance,Saudi Arabia,2022,Q2,2022Q2,7730698.85,5235849.84,232646.93,2262202.0799999996,321,3929,29.26
C016,TrustBank FI,Finance,Saudi Arabia,2022,Q3,2022Q3,7971178.78,4531272.04,556068.4,2883838.3400000003,321,3420,36.18
C016,TrustBank FI,Finance,Saudi Arabia,2022,Q4,2022Q4,7762755.64,4820316.17,270227.74,2672211.7299999995,319,3973,34.42
C016,TrustBank FI,Finance,Saudi Arabia,2023,Q1,2023Q1,7728680.74,4465432.84,464719.52,2798528.3800000004,320,3752,36.21
C016,TrustBank FI,Finance,Saudi Arabia,2023,Q2,2023Q2,7846696.23,5153659.03,266682.77,2426354.43,321,4825,30.92
C016,TrustBank FI,Finance,Saudi Arabia,2023,Q3,2023Q3,8024497.03,4760214.07,629773.42,2634509.54,322,8774,32.83
C016,TrustBank FI,Finance,Saudi Arabia,2023,Q4,2023Q4,7084444.93,4505609.32,506888.99,2071946.6199999994,320,5364,29.25
C016,TrustBank FI,Finance,Saudi Arabia,2024,Q1,2024Q1,7244519.88,4636671.46,384353.49,2223494.9299999997,319,7483,30.69
C016,TrustBank FI,Finance,Saudi Arabia,2024,Q2,2024Q2,8652860.61,5401413.98,561846.89,2689599.739999999,322,4391,31.08
C016,TrustBank FI,Finance,Saudi Arabia,2024,Q3,2024Q3,7373352.01,4121377.06,506876.89,2745098.0599999996,321,5105,37.23
C016,TrustBank FI,Finance,Saudi Arabia,2024,Q4,2024Q4,6508421.66,3672978.15,328260.38,2507183.1300000004,322,3335,38.52
C017,CapitalWise FI,Finance,Jordan,2020,Q1,2020Q1,8309968.94,4848633.75,301781.1,3159554.0900000003,423,8061,38.02
C017,CapitalWise FI,Finance,Jordan,2020,Q2,2020Q2,8559972.62,4760981.08,276827.47,3522164.0699999994,422,10194,41.15
C017,CapitalWise FI,Finance,Jordan,2020,Q3,2020Q3,7786559.34,5583710.93,294354.27,1908494.1400000001,424,4848,24.51
C017,CapitalWise FI,Finance,Jordan,2020,Q4,2020Q4,6689924.2,4785580.22,442716.25,1461627.7300000004,426,4596,21.85
C017,CapitalWise FI,Finance,Jordan,2021,Q1,2021Q1,7410163.49,4878414.17,468490.46,2063258.8600000003,424,4784,27.84
C017,CapitalWise FI,Finance,Jordan,2021,Q2,2021Q2,8767811.31,6065595.93,697995.8,2004219.5800000008,425,4492,22.86
C017,CapitalWise FI,Finance,Jordan,2021,Q3,2021Q3,7983932.03,5318045.39,405876.14,2260010.5000000005,424,4281,28.31
C017,CapitalWise FI,Finance,Jordan,2021,Q4,2021Q4,6951680.34,4911206.9,295019.17,1745454.2699999996,422,5134,25.11
C017,CapitalWise FI,Finance,Jordan,2022,Q1,2022Q1,8730330.99,6290304.37,339426.96,2100599.66,421,8517,24.06
C017,CapitalWise FI,Finance,Jordan,2022,Q2,2022Q2,8844390.2,6141797.92,747945.99,1954646.2899999993,420,8653,22.1
C017,CapitalWise FI,Finance,Jordan,2022,Q3,2022Q3,7844516.43,5046819.97,555747.54,2241948.92,420,8177,28.58
C017,CapitalWise FI,Finance,Jordan,2022,Q4,2022Q4,7753146.68,5177135.05,634307.04,1941704.5899999999,423,6768,25.04
C017,CapitalWise FI,Finance,Jordan,2023,Q1,2023Q1,8300012.38,5523291.43,494178.83,2282542.12,423,3952,27.5
C017,CapitalWise FI,Finance,Jordan,2023,Q2,2023Q2,8751852.18,5647541.13,686104.61,2418206.44,422,6579,27.63
C017,CapitalWise FI,Finance,Jordan,2023,Q3,2023Q3,8529461.33,6271512.65,576553.64,1681395.0399999996,421,4331,19.71
C017,CapitalWise FI,Finance,Jordan,2023,Q4,2023Q4,7510252.47,4922559.2,618265.77,1969427.4999999995,418,3423,26.22
C017,CapitalWise FI,Finance,Jordan,2024,Q1,2024Q1,7992528.38,4410058.62,698921.68,2883548.0799999996,415,9695,36.08
C017,CapitalWise FI,Finance,Jordan,2024,Q2,2024Q2,9470132.45,6407314.2,478307.45,2584510.799999999,418,4758,27.29
C017,CapitalWise FI,Finance,Jordan,2024,Q3,2024Q3,8439334.54,5329512.39,292498.56,2817323.5899999994,417,6058,33.38
C017,CapitalWise FI,Finance,Jordan,2024,Q4,2024Q4,7756910.84,5161511.56,526891.19,2068508.0900000003,417,3476,26.67
C018,FinEdge FI,Finance,Morocco,2020,Q1,2020Q1,8715342.22,5198500.0,415873.73,3100968.4900000007,55,3662,35.58
C018,FinEdge FI,Finance,Morocco,2020,Q2,2020Q2,9236218.67,5120609.36,424589.72,3691019.59,57,5328,39.96
C018,FinEdge FI,Finance,Morocco,2020,Q3,2020Q3,8900906.48,6048731.06,458119.38,2394056.040000001,59,4956,26.9
C018,FinEdge FI,Finance,Morocco,2020,Q4,2020Q4,8280616.22,5684837.17,284079.36,2311699.69,62,3766,27.92
C018,FinEdge FI,Finance,Morocco,2021,Q1,2021Q1,9438426.25,6654743.93,364064.24,2419618.08,60,7355,25.64
C018,FinEdge FI,Finance,Morocco,2021,Q2,2021Q2,8868198.21,6157582.97,704371.59,2006243.6500000013,57,9098,22.62
C018,FinEdge FI,Finance,Morocco,2021,Q3,2021Q3,8769686.13,6063319.75,408405.8,2297960.580000001,54,9011,26.2
C018,FinEdge FI,Finance,Morocco,2021,Q4,2021Q4,8841617.13,5861964.5,334175.95,2645476.6800000006,53,3774,29.92
C018,FinEdge FI,Finance,Morocco,2022,Q1,2022Q1,9532918.96,7081201.71,501804.11,1949913.140000001,50,5814,20.45
C018,FinEdge FI,Finance,Morocco,2022,Q2,2022Q2,9635593.81,6926544.11,826832.79,1882216.9100000001,49,7819,19.53
C018,FinEdge FI,Finance,Morocco,2022,Q3,2022Q3,9323994.19,6901196.65,705474.54,1717322.999999999,48,9522,18.42
C018,FinEdge FI,Finance,Morocco,2022,Q4,2022Q4,8991129.75,6742387.51,611939.75,1636802.4900000002,45,6180,18.2
C018,FinEdge FI,Finance,Morocco,2023,Q1,2023Q1,8863497.04,6241285.71,603297.9,2018913.4299999992,43,5882,22.78
C018,FinEdge FI,Finance,Morocco,2023,Q2,2023Q2,9453450.32,6442249.37,403848.03,2607352.92,44,8102,27.58
C018,FinEdge FI,Finance,Morocco,2023,Q3,2023Q3,9738646.98,6791920.45,365622.47,2581104.0600000005,45,5457,26.5
C018,FinEdge FI,Finance,Morocco,2023,Q4,2023Q4,9567017.66,5965582.72,451989.69,3149445.2500000005,47,4308,32.92
C018,FinEdge FI,Finance,Morocco,2024,Q1,2024Q1,9654920.79,6680013.71,775250.76,2199656.3199999994,47,4125,22.78
C018,FinEdge FI,Finance,Morocco,2024,Q2,2024Q2,10946108.72,7036367.01,334900.9,3574840.810000001,47,5608,32.66
C018,FinEdge FI,Finance,Morocco,2024,Q3,2024Q3,8796370.52,5069380.46,379900.47,3347089.59,50,9459,38.05
C018,FinEdge FI,Finance,Morocco,2024,Q4,2024Q4,9374620.33,5381420.61,735245.21,3257954.51,50,5578,34.75
C019,NileFinance FI,Finance,Egypt,2020,Q1,2020Q1,9182840.76,6665374.36,577627.52,1939838.8799999994,301,4154,21.12
C019,NileFinance FI,Finance,Egypt,2020,Q2,2020Q2,9994949.71,6412751.26,767837.7,2814360.750000001,298,10963,28.16
C019,NileFinance FI,Finance,Egypt,2020,Q3,2020Q3,8540689.5,4799383.23,498810.88,3242495.3899999997,301,3439,37.97
C019,NileFinance FI,Finance,Egypt,2020,Q4,2020Q4,8532631.25,6384674.28,657962.91,1489994.0599999996,298,9189,17.46
C019,NileFinance FI,Finance,Egypt,2021,Q1,2021Q1,8845646.37,6450378.22,594286.56,1800981.5899999994,299,6967,20.36
C019,NileFinance FI,Finance,Egypt,2021,Q2,2021Q2,9695048.74,6565399.18,762684.53,2366965.0300000003,296,7807,24.41
C019,NileFinance FI,Finance,Egypt,2021,Q3,2021Q3,8582401.32,5645182.62,630796.8,2306421.9000000004,294,4349,26.87
C019,NileFinance FI,Finance,Egypt,2021,Q4,2021Q4,7842668.58,5303089.82,238970.0,2300608.76,293,3229,29.33
C019,NileFinance FI,Finance,Egypt,2022,Q1,2022Q1,8429314.89,6258446.33,732880.64,1437987.9200000004,295,4026,17.06
C019,NileFinance FI,Finance,Egypt,2022,Q2,2022Q2,9568028.32,6090654.73,600820.78,2876552.8099999996,292,10811,30.06
C019,NileFinance FI,Finance,Egypt,2022,Q3,2022Q3,7774208.6,4445126.6,540671.53,2788410.4699999997,291,5212,35.87
C019,NileFinance FI,Finance,Egypt,2022,Q4,2022Q4,9086153.22,6032369.41,807473.93,2246309.8800000004,294,5022,24.72
C019,NileFinance FI,Finance,Egypt,2023,Q1,2023Q1,8544155.42,5374625.65,614313.41,2555216.3599999994,294,4041,29.91
C019,NileFinance FI,Finance,Egypt,2023,Q2,2023Q2,9517863.77,6454282.68,426785.0,2636796.09,296,5405,27.7
C019,NileFinance FI,Finance,Egypt,2023,Q3,2023Q3,9137605.66,6459228.81,732145.81,1946231.0400000005,297,4214,21.3
C019,NileFinance FI,Finance,Egypt,2023,Q4,2023Q4,7440637.62,4571036.65,322362.29,2547238.6799999997,298,7733,34.23
C019,NileFinance FI,Finance,Egypt,2024,Q1,2024Q1,8836837.34,4861043.09,739453.89,3236340.36,297,5459,36.62
C019,NileFinance FI,Finance,Egypt,2024,Q2,2024Q2,9144492.37,6408944.86,489664.62,2245882.8899999987,297,4275,24.56
C019,NileFinance FI,Finance,Egypt,2024,Q3,2024Q3,9752643.02,7016581.28,535773.48,2200288.2599999993,294,8203,22.56
C019,NileFinance FI,Finance,Egypt,2024,Q4,2024Q4,8768072.52,6342420.95,355223.61,2070427.9599999995,293,4908,23.61
C020,AssetPro FI,Finance,Jordan,2020,Q1,2020Q1,6419591.8,4616777.26,540693.04,1262121.5,424,2918,19.66
C020,AssetPro FI,Finance,Jordan,2020,Q2,2020Q2,6856251.41,4051605.93,410363.04,2394282.44,427,5027,34.92
C020,AssetPro FI,Finance,Jordan,2020,Q3,2020Q3,6585599.82,4010948.77,341537.47,2233113.58,426,6848,33.91
C020,AssetPro FI,Finance,Jordan,2020,Q4,2020Q4,6374458.34,3929459.67,510910.0,1934088.67,425,3332,30.34
C020,AssetPro FI,Finance,Jordan,2021,Q1,2021Q1,5652792.27,3436930.7,184983.09,2030878.4799999993,422,3268,35.93
C020,AssetPro FI,Finance,Jordan,2021,Q2,2021Q2,7425917.89,4702931.57,222782.72,2500203.599999999,425,3025,33.67
C020,AssetPro FI,Finance,Jordan,2021,Q3,2021Q3,7020176.54,4129434.52,232466.52,2658275.5,422,3716,37.87
C020,AssetPro FI,Finance,Jordan,2021,Q4,2021Q4,5902753.95,3745449.91,477565.39,1679738.65,421,2934,28.46
C020,AssetPro FI,Finance,Jordan,2022,Q1,2022Q1,6546278.87,4909112.03,328740.27,1308426.5699999998,423,3122,19.99
C020,AssetPro FI,Finance,Jordan,2022,Q2,2022Q2,7161190.16,4885384.34,468615.9,1807189.9200000004,422,3570,25.24
C020,AssetPro FI,Finance,Jordan,2022,Q3,2022Q3,6867692.22,4640409.04,316812.17,1910471.0099999998,425,2845,27.82
C020,AssetPro FI,Finance,Jordan,2022,Q4,2022Q4,6215178.85,4361819.08,452871.8,1400487.9699999995,425,3732,22.53
C020,AssetPro FI,Finance,Jordan,2023,Q1,2023Q1,6873882.91,4028364.51,271803.64,2573714.7600000002,422,8063,37.44
C020,AssetPro FI,Finance,Jordan,2023,Q2,2023Q2,7831443.44,4848199.09,326684.25,2656560.1000000006,425,3846,33.92
C020,AssetPro FI,Finance,Jordan,2023,Q3,2023Q3,7528363.21,4867087.45,366774.64,2294501.1199999996,422,3215,30.48
C020,AssetPro FI,Finance,Jordan,2023,Q4,2023Q4,6481307.64,4652279.16,204236.41,1624792.0699999996,421,5403,25.07
C020,AssetPro FI,Finance,Jordan,2024,Q1,2024Q1,7691055.86,5061844.67,477287.18,2151924.0100000002,422,4748,27.98
C020,AssetPro FI,Finance,Jordan,2024,Q2,2024Q2,7379941.45,5113429.72,647152.97,1619358.7600000005,422,3782,21.94
C020,AssetPro FI,Finance,Jordan,2024,Q3,2024Q3,7346132.95,5210878.62,516889.93,1618364.4000000001,425,4145,22.03
C020,AssetPro FI,Finance,Jordan,2024,Q4,2024Q4,6116264.91,3378816.51,516000.06,2221448.3400000003,427,3529,36.32
C021,SteelCore IN,Industrial,Saudi Arabia,2020,Q1,2020Q1,3688473.32,2676344.81,205936.36,806192.1499999998,117,2625,21.86
C021,SteelCore IN,Industrial,Saudi Arabia,2020,Q2,2020Q2,3978244.88,2733407.41,222646.5,1022190.9699999997,117,2771,25.69
C021,SteelCore IN,Industrial,Saudi Arabia,2020,Q3,2020Q3,3485467.93,2464413.21,267892.21,753162.5100000002,115,1480,21.61
C021,SteelCore IN,Industrial,Saudi Arabia,2020,Q4,2020Q4,3279284.14,2444446.76,186942.12,647895.2600000004,112,1330,19.76
C021,SteelCore IN,Industrial,Saudi Arabia,2021,Q1,2021Q1,4825686.42,2988570.93,267167.94,1569947.5499999998,109,4199,32.53
C021,SteelCore IN,Industrial,Saudi Arabia,2021,Q2,2021Q2,4839551.34,3272214.7,287202.28500000003,1280134.3549999995,112,4632,26.45
C021,SteelCore IN,Industrial,Saudi Arabia,2021,Q3,2021Q3,4623819.15,3097075.3,164256.64,1362487.2100000004,110,3685,29.47
C021,SteelCore IN,Industrial,Saudi Arabia,2021,Q4,2021Q4,4549572.51,2841899.4,328604.42,1379068.69,112,2342,30.31
C021,SteelCore IN,Industrial,Saudi Arabia,2022,Q1,2022Q1,4404509.04,3185425.18,290081.39,929002.4699999999,114,3848,21.09
C021,SteelCore IN,Industrial,Saudi Arabia,2022,Q2,2022Q2,5138374.15,3209998.65,346903.39,1581472.1100000003,117,3530,30.78
C021,SteelCore IN,Industrial,Saudi Arabia,2022,Q3,2022Q3,4613078.06,2905349.14,403436.1,1304292.8199999994,119,2373,28.27
C021,SteelCore IN,Industrial,Saudi Arabia,2022,Q4,2022Q4,4416318.54,2436323.9,159489.1,1820505.54,122,2131,41.22
C021,SteelCore IN,Industrial,Saudi Arabia,2023,Q1,2023Q1,4795824.6,3129492.7,379038.66,1287293.2399999995,120,2471,26.84
C021,SteelCore IN,Industrial,Saudi Arabia,2023,Q2,2023Q2,4714090.44,2678915.29,343389.26,1691785.8900000004,123,2293,35.89
C021,SteelCore IN,Industrial,Saudi Arabia,2023,Q3,2023Q3,4719301.26,2668429.95,146056.67,1904814.6399999997,125,3100,40.36
C021,SteelCore IN,Industrial,Saudi Arabia,2023,Q4,2023Q4,4521226.41,3095115.56,300227.08,1125883.77,124,2055,24.9
C021,SteelCore IN,Industrial,Saudi Arabia,2024,Q1,2024Q1,4978783.12,3249762.32,268091.98,1460928.8200000003,125,3261,29.34
C021,SteelCore IN,Industrial,Saudi Arabia,2024,Q2,2024Q2,4960252.61,3262191.42,322748.43,1375312.7600000005,122,2136,27.73
C021,SteelCore IN,Industrial,Saudi Arabia,2024,Q3,2024Q3,5023464.11,3600460.53,342988.34,1080015.2400000005,125,4805,21.5
C021,SteelCore IN,Industrial,Saudi Arabia,2024,Q4,2024Q4,4400985.44,3146478.59,148931.02,1105575.8300000005,125,5256,25.12
C022,BuildTech IN,Industrial,Morocco,2020,Q1,2020Q1,4092803.74,2481088.8,174360.65,1437354.2900000005,222,4133,35.12
C022,BuildTech IN,Industrial,Morocco,2020,Q2,2020Q2,4502661.1,2643644.45,154123.91,1704892.7399999995,222,2061,37.86
C022,BuildTech IN,Industrial,Morocco,2020,Q3,2020Q3,4499323.5,3306607.78,137129.77,1055585.9500000002,223,3648,23.46
C022,BuildTech IN,Industrial,Morocco,2020,Q4,2020Q4,3499842.1,2504875.91,179287.63,815678.5599999999,224,1487,23.31
C022,BuildTech IN,Industrial,Morocco,2021,Q1,2021Q1,5117363.16,3777761.13,287202.28500000003,1052399.745,226,3091,20.57
C022,BuildTech IN,Industrial,Morocco,2021,Q2,2021Q2,5248258.59,3720475.43,321697.07,1206086.0899999996,228,3310,22.98
C022,BuildTech IN,Industrial,Morocco,2021,Q3,2021Q3,6016422.37,4119619.38,238382.23,1658420.7600000002,231,5054,27.56
C022,BuildTech IN,Industrial,Morocco,2021,Q4,2021Q4,4800443.21,3351310.52,267752.0,1181380.69,233,2241,24.61
C022,BuildTech IN,Industrial,Morocco,2022,Q1,2022Q1,5405726.62,3087043.42,277077.44,2041605.7600000002,225,2948,37.77
C022,BuildTech IN,Industrial,Morocco,2022,Q2,2022Q2,5482896.16,3282861.58,219402.83,1980631.75,234,2643,36.12
C022,BuildTech IN,Industrial,Morocco,2022,Q3,2022Q3,4933815.12,3247343.38,274994.38,1411477.3600000003,232,4518,28.61
C022,BuildTech IN,Industrial,Morocco,2022,Q4,2022Q4,5350204.17,3527587.84,265654.38,1556961.9500000002,229,2223,29.1
C022,BuildTech IN,Industrial,Morocco,2023,Q1,2023Q1,5747587.66,4288201.09,323852.04,1135534.5300000003,228,2736,19.76
C022,BuildTech IN,Industrial,Morocco,2023,Q2,2023Q2,6005487.96,3912941.82,253785.81,1838760.33,225,2796,30.62
C022,BuildTech IN,Industrial,Morocco,2023,Q3,2023Q3,5313245.31,3158087.24,441728.26,1713429.8099999994,222,2600,32.25
C022,BuildTech IN,Industrial,Morocco,2023,Q4,2023Q4,5224814.71,3747360.11,324666.83,1152787.77,221,3215,22.06
C022,BuildTech IN,Industrial,Morocco,2024,Q1,2024Q1,5667855.8,4047527.78,343663.11,1276664.9100000001,223,6889,22.52
C022,BuildTech IN,Industrial,Morocco,2024,Q2,2024Q2,5289964.66,3759617.73,281794.12,1248552.81,225,5788,23.6
C022,BuildTech IN,Industrial,Morocco,2024,Q3,2024Q3,5245270.87,3774421.26,391217.96,1079631.6500000004,226,3349,20.58
C022,BuildTech IN,Industrial,Morocco,2024,Q4,2024Q4,5193452.65,3306642.46,406277.95,1480532.2400000005,225,3720,28.51
C023,IronWorks IN,Industrial,Jordan,2020,Q1,2020Q1,4452965.73,3276749.03,227086.54,949130.1600000006,203,1995,21.31
C023,IronWorks IN,Industrial,Jordan,2020,Q2,2020Q2,4833054.35,3435813.16,146532.45,1250708.7399999995,200,5293,25.88
C023,IronWorks IN,Industrial,Jordan,2020,Q3,2020Q3,4898611.17,3480955.13,367909.31,1049746.73,200,2523,21.43
C023,IronWorks IN,Industrial,Jordan,2020,Q4,2020Q4,4235188.39,2473249.23,315670.58,1446268.5799999996,197,2041,34.15
C023,IronWorks IN,Industrial,Jordan,2021,Q1,2021Q1,6088309.84,4291409.34,340883.17,1456017.33,197,2914,23.91
C023,IronWorks IN,Industrial,Jordan,2021,Q2,2021Q2,6758827.94,4685756.33,394953.96,1678117.6500000004,198,5068,24.83
C023,IronWorks IN,Industrial,Jordan,2021,Q3,2021Q3,5819427.26,3790844.34,491568.83,1537014.0899999999,196,2648,26.41
C023,IronWorks IN,Industrial,Jordan,2021,Q4,2021Q4,5883980.3,3743490.49,514906.35,1625583.4599999995,195,3125,27.63
C023,IronWorks IN,Industrial,Jordan,2022,Q1,2022Q1,5535269.3,3255764.13,255567.32,2023937.8499999999,197,3054,36.56
C023,IronWorks IN,Industrial,Jordan,2022,Q2,2022Q2,6677952.41,4710347.8,225637.44,1741967.1700000004,197,2701,26.09
C023,IronWorks IN,Industrial,Jordan,2022,Q3,2022Q3,6210161.97,3685396.88,242422.9,2282342.19,196,4123,36.75
C023,IronWorks IN,Industrial,Jordan,2022,Q4,2022Q4,5451819.26,3685473.3,433199.45,1333146.51,198,3564,24.45
C023,IronWorks IN,Industrial,Jordan,2023,Q1,2023Q1,5919622.69,4435167.99,497589.59,986865.1100000001,200,4839,16.67
C023,IronWorks IN,Industrial,Jordan,2023,Q2,2023Q2,6619529.91,4921307.5,479321.96,1218900.4500000002,201,5026,18.41
C023,IronWorks IN,Industrial,Jordan,2023,Q3,2023Q3,6416306.74,3930344.61,410456.54,2075505.5900000003,203,7782,32.35
C023,IronWorks IN,Industrial,Jordan,2023,Q4,2023Q4,5771894.98,3989716.78,490589.13,1291589.0700000008,201,3456,22.38
C023,IronWorks IN,Industrial,Jordan,2024,Q1,2024Q1,6690827.59,4465373.37,547751.26,1677702.9599999997,200,3206,25.07
C023,IronWorks IN,Industrial,Jordan,2024,Q2,2024Q2,6589794.47,3806839.25,465025.48,2317929.7399999998,199,2894,35.17
C023,IronWorks IN,Industrial,Jordan,2024,Q3,2024Q3,6046537.83,3581528.7,372833.44,2092175.69,196,2999,34.6
C023,IronWorks IN,Industrial,Jordan,2024,Q4,2024Q4,5789663.64,4283425.55,348770.65,1157467.44,199,2552,19.99
C024,MetroIndustries IN,Industrial,Egypt,2020,Q1,2020Q1,5280457.71,2977967.62,467082.14,1835407.9499999997,323,2425,34.76
C024,MetroIndustries IN,Industrial,Egypt,2020,Q2,2020Q2,5773173.22,3989423.36,235322.4,1548427.46,325,2596,26.82
C024,MetroIndustries IN,Industrial,Egypt,2020,Q3,2020Q3,5309953.44,3102535.89,167252.77,2040164.7800000003,327,2701,38.42
C024,MetroIndustries IN,Industrial,Egypt,2020,Q4,2020Q4,4358459.54,2822970.44,270904.87,1264584.23,329,2457,29.01
C024,MetroIndustries IN,Industrial,Egypt,2021,Q1,2021Q1,6564779.8,3735239.5,488642.05,2340898.25,327,7189,35.66
C024,MetroIndustries IN,Industrial,Egypt,2021,Q2,2021Q2,7623057.2,5117887.27,267370.52,2237799.4100000006,330,3362,29.36
C024,MetroIndustries IN,Industrial,Egypt,2021,Q3,2021Q3,6472966.85,4705307.43,504919.93,1262739.49,327,5543,19.51
C024,MetroIndustries IN,Industrial,Egypt,2021,Q4,2021Q4,6188562.98,4608477.57,416848.19,1163237.2200000002,327,6830,18.8
C024,MetroIndustries IN,Industrial,Egypt,2022,Q1,2022Q1,6571466.78,4493974.59,353266.91,1724225.2800000005,325,3780,26.24
C024,MetroIndustries IN,Industrial,Egypt,2022,Q2,2022Q2,7662638.67,4537497.55,262538.04,2862603.08,323,6098,37.36
C024,MetroIndustries IN,Industrial,Egypt,2022,Q3,2022Q3,6848335.49,5116122.76,423178.34,1309034.3900000004,323,5835,19.11
C024,MetroIndustries IN,Industrial,Egypt,2022,Q4,2022Q4,5964870.83,3716825.18,474786.42,1773259.23,321,2426,29.73
C024,MetroIndustries IN,Industrial,Egypt,2023,Q1,2023Q1,6789943.8,4908666.19,343290.79,1537986.8199999994,323,3862,22.65
C024,MetroIndustries IN,Industrial,Egypt,2023,Q2,2023Q2,7437386.7,4954339.42,284323.18,2198724.1,323,3996,29.56
C024,MetroIndustries IN,Industrial,Egypt,2023,Q3,2023Q3,6661431.83,4072084.61,383532.23,2205814.99,321,3277,33.11
C024,MetroIndustries IN,Industrial,Egypt,2023,Q4,2023Q4,5670602.0,4000098.55,397127.8,1273375.6500000001,324,3307,22.46
C024,MetroIndustries IN,Industrial,Egypt,2024,Q1,2024Q1,7520893.92,4160292.54,649994.4,2710606.98,324,3926,36.04
C024,MetroIndustries IN,Industrial,Egypt,2024,Q2,2024Q2,8320860.11,5971432.67,490854.63,1858572.8100000005,327,5578,22.34
C024,MetroIndustries IN,Industrial,Egypt,2024,Q3,2024Q3,6774931.37,4950168.67,412126.15,1412636.5500000003,329,4052,20.85
C024,MetroIndustries IN,Industrial,Egypt,2024,Q4,2024Q4,6503879.0,3876086.49,446717.07,2181075.44,331,3378,33.53
C025,FactoLine IN,Industrial,Egypt,2020,Q1,2020Q1,2789706.7,1761173.52,165836.63,862696.5500000002,434,1567,30.92
C025,FactoLine IN,Industrial,Egypt,2020,Q2,2020Q2,3109406.18,1799103.11,199859.04,1110444.03,433,2182,35.71
C025,FactoLine IN,Industrial,Egypt,2020,Q3,2020Q3,2943026.71,1817406.87,189511.47,936108.3699999999,436,1744,31.81
C025,FactoLine IN,Industrial,Egypt,2020,Q4,2020Q4,2342865.65,1288882.27,107291.16,946692.2199999999,437,1255,40.41
C025,FactoLine IN,Industrial,Egypt,2021,Q1,2021Q1,3433898.13,2025660.16,217229.25,1191008.72,440,1423,34.68
C025,FactoLine IN,Industrial,Egypt,2021,Q2,2021Q2,3714768.96,2197316.25,176405.67,1341047.04,437,2327,36.1
C025,FactoLine IN,Industrial,Egypt,2021,Q3,2021Q3,3721966.62,2613136.42,249056.21,859773.9900000002,435,1557,23.1
C025,FactoLine IN,Industrial,Egypt,2021,Q4,2021Q4,3329722.89,2382452.05,179378.64,767892.2000000003,435,1996,23.06
C025,FactoLine IN,Industrial,Egypt,2022,Q1,2022Q1,3538715.88,2033629.82,270404.48,1234681.5799999998,432,1572,34.89
C025,FactoLine IN,Industrial,Egypt,2022,Q2,2022Q2,4063763.62,2365662.76,326526.75,1371574.1100000003,435,3376,33.75
C025,FactoLine IN,Industrial,Egypt,2022,Q3,2022Q3,3902460.55,2293974.88,331310.91,1277174.76,433,2122,32.73
C025,FactoLine IN,Industrial,Egypt,2022,Q4,2022Q4,3424318.83,2397550.29,183288.77,843479.77,434,2846,24.63
C025,FactoLine IN,Industrial,Egypt,2023,Q1,2023Q1,3679762.16,2293143.74,315139.65,1071478.77,431,2400,29.12
C025,FactoLine IN,Industrial,Egypt,2023,Q2,2023Q2,3782838.58,2397247.07,177672.62,1207918.8900000001,430,2911,31.93
C025,FactoLine IN,Industrial,Egypt,2023,Q3,2023Q3,3882421.07,2284657.18,268675.22,1329088.6699999997,430,2133,34.23
C025,FactoLine IN,Industrial,Egypt,2023,Q4,2023Q4,3124777.41,1892030.65,232308.51,1000438.2500000002,428,1258,32.02
C025,FactoLine IN,Industrial,Egypt,2024,Q1,2024Q1,3549820.53,2555540.09,173195.01,821085.4299999999,426,1481,23.13
C025,FactoLine IN,Industrial,Egypt,2024,Q2,2024Q2,3989366.19,2243466.72,341959.83,1403939.6399999997,423,1631,35.19
C025,FactoLine IN,Industrial,Egypt,2024,Q3,2024Q3,3746819.57,2193532.43,173786.62,1379500.5199999996,420,1560,36.82
C025,FactoLine IN,Industrial,Egypt,2024,Q4,2024Q4,3351505.55,1985731.7,101928.26,1263845.5899999999,423,2258,37.71
